count,TCTC,count_type,sample_id
,True,cfu_seed_1x,-8410830886738093451
1110,False,cfu_seed_10x,-8410830886738093451
1550,False,cfu_seed_100x,-8410830886738093451
0,False,cfu_seed_1000x,-8410830886738093451
,False,cfu_seed_1x,-8082635158398362430
,False,cfu_seed_10x,-8082635158398362430
,False,cfu_seed_100x,-8082635158398362430
,False,cfu_seed_1000x,-8082635158398362430
,True,cfu_seed_1x,4217988084104172421
1850,False,cfu_seed_10x,4217988084104172421
2080,False,cfu_seed_100x,4217988084104172421
1190,False,cfu_seed_1000x,4217988084104172421
,False,cfu_seed_1x,-6326080498156108372
,False,cfu_seed_10x,-6326080498156108372
,False,cfu_seed_100x,-6326080498156108372
,False,cfu_seed_1000x,-6326080498156108372
,True,cfu_seed_1x,1739163109203815586
,True,cfu_seed_10x,1739163109203815586
357,False,cfu_seed_100x,1739163109203815586
0,False,cfu_seed_1000x,1739163109203815586
,True,cfu_seed_1x,-7993896216112747062
,True,cfu_seed_10x,-7993896216112747062
119,False,cfu_seed_100x,-7993896216112747062
,False,cfu_seed_1000x,-7993896216112747062
4,False,cfu_seed_1x,912422539458686962
5,False,cfu_seed_10x,912422539458686962
0,False,cfu_seed_100x,912422539458686962
0,False,cfu_seed_1000x,912422539458686962
,False,cfu_seed_1x,-6799240044505548788
,False,cfu_seed_10x,-6799240044505548788
,False,cfu_seed_100x,-6799240044505548788
,False,cfu_seed_1000x,-6799240044505548788
,True,cfu_seed_1x,-1600654852348633329
,True,cfu_seed_10x,-1600654852348633329
,True,cfu_seed_100x,-1600654852348633329
595,False,cfu_seed_1000x,-1600654852348633329
,True,cfu_seed_1x,-1514690756856312492
,True,cfu_seed_10x,-1514690756856312492
,False,cfu_seed_100x,-1514690756856312492
,False,cfu_seed_1000x,-1514690756856312492
,True,cfu_seed_1x,-1808823258696834189
,True,cfu_seed_10x,-1808823258696834189
,True,cfu_seed_100x,-1808823258696834189
91700,False,cfu_seed_1000x,-1808823258696834189
,True,cfu_seed_1x,-6419119251174220447
,True,cfu_seed_10x,-6419119251174220447
,True,cfu_seed_100x,-6419119251174220447
,True,cfu_seed_1000x,-6419119251174220447
7,False,cfu_seed_1x,-5342538783317776554
5,False,cfu_seed_10x,-5342538783317776554
0,False,cfu_seed_100x,-5342538783317776554
0,False,cfu_seed_1000x,-5342538783317776554
,True,cfu_seed_1x,548770370910838247
,True,cfu_seed_10x,548770370910838247
,True,cfu_seed_100x,548770370910838247
0,False,cfu_seed_1000x,548770370910838247
,True,cfu_seed_1x,4694477504695384289
,True,cfu_seed_10x,4694477504695384289
,True,cfu_seed_100x,4694477504695384289
2980,False,cfu_seed_1000x,4694477504695384289
,True,cfu_seed_1x,8207382527812061504
,True,cfu_seed_10x,8207382527812061504
4230,False,cfu_seed_100x,8207382527812061504
6550,False,cfu_seed_1000x,8207382527812061504
,True,cfu_seed_1x,1760220277119118750
,True,cfu_seed_10x,1760220277119118750
,True,cfu_seed_100x,1760220277119118750
,True,cfu_seed_1000x,1760220277119118750
28,False,cfu_seed_1x,4483860346403570034
41,False,cfu_seed_10x,4483860346403570034
59,False,cfu_seed_100x,4483860346403570034
0,False,cfu_seed_1000x,4483860346403570034
,True,cfu_seed_1x,5979358651019855391
,True,cfu_seed_10x,5979358651019855391
,True,cfu_seed_100x,5979358651019855391
,True,cfu_seed_1000x,5979358651019855391
,True,cfu_seed_1x,-8884507119048693951
,True,cfu_seed_10x,-8884507119048693951
6010,False,cfu_seed_100x,-8884507119048693951
10100,False,cfu_seed_1000x,-8884507119048693951
,True,cfu_seed_1x,5170535434529036800
,True,cfu_seed_10x,5170535434529036800
5600,False,cfu_seed_100x,5170535434529036800
7140,False,cfu_seed_1000x,5170535434529036800
,True,cfu_seed_1x,6480184687862148372
,True,cfu_seed_10x,6480184687862148372
,True,cfu_seed_100x,6480184687862148372
,True,cfu_seed_1000x,6480184687862148372
,True,cfu_seed_1x,-7569021680481003895
,True,cfu_seed_10x,-7569021680481003895
5360,False,cfu_seed_100x,-7569021680481003895
8330,False,cfu_seed_1000x,-7569021680481003895
,True,cfu_seed_1x,336722403532911561
,True,cfu_seed_10x,336722403532911561
,True,cfu_seed_100x,336722403532911561
20200,False,cfu_seed_1000x,336722403532911561
,True,cfu_seed_1x,-3729197716446677046
,True,cfu_seed_10x,-3729197716446677046
3870,False,cfu_seed_100x,-3729197716446677046
1190,False,cfu_seed_1000x,-3729197716446677046
,True,cfu_seed_1x,-2692849047109039893
,True,cfu_seed_10x,-2692849047109039893
4760,False,cfu_seed_100x,-2692849047109039893
5950,False,cfu_seed_1000x,-2692849047109039893
,True,cfu_seed_1x,5112461689717988938
,True,cfu_seed_10x,5112461689717988938
,True,cfu_seed_100x,5112461689717988938
0,False,cfu_seed_1000x,5112461689717988938
,True,cfu_seed_1x,866380902041635944
65,False,cfu_seed_10x,866380902041635944
0,False,cfu_seed_100x,866380902041635944
0,False,cfu_seed_1000x,866380902041635944
7,False,cfu_seed_1x,-6274356066348738016
0,False,cfu_seed_10x,-6274356066348738016
0,False,cfu_seed_100x,-6274356066348738016
0,False,cfu_seed_1000x,-6274356066348738016
,True,cfu_seed_1x,-6436754199797376556
,True,cfu_seed_10x,-6436754199797376556
5540,False,cfu_seed_100x,-6436754199797376556
7740,False,cfu_seed_1000x,-6436754199797376556
,True,cfu_seed_1x,559947974009876043
,True,cfu_seed_10x,559947974009876043
,True,cfu_seed_100x,559947974009876043
56000,False,cfu_seed_1000x,559947974009876043
,True,cfu_seed_1x,7863208510017179200
,True,cfu_seed_10x,7863208510017179200
,True,cfu_seed_100x,7863208510017179200
,True,cfu_seed_1000x,7863208510017179200
,True,cfu_seed_1x,-3903140215287846137
,True,cfu_seed_10x,-3903140215287846137
,True,cfu_seed_100x,-3903140215287846137
42900,False,cfu_seed_1000x,-3903140215287846137
,True,cfu_seed_1x,-7897969010483333731
,True,cfu_seed_10x,-7897969010483333731
,True,cfu_seed_100x,-7897969010483333731
34500,False,cfu_seed_1000x,-7897969010483333731
,True,cfu_seed_1x,5361886218765985858
,True,cfu_seed_10x,5361886218765985858
,True,cfu_seed_100x,5361886218765985858
18500,False,cfu_seed_1000x,5361886218765985858
,True,cfu_seed_1x,-4693055172661498194
,True,cfu_seed_10x,-4693055172661498194
1670,False,cfu_seed_100x,-4693055172661498194
2380,False,cfu_seed_1000x,-4693055172661498194
,True,cfu_seed_1x,1754766871148178786
,True,cfu_seed_10x,1754766871148178786
,True,cfu_seed_100x,1754766871148178786
,True,cfu_seed_1000x,1754766871148178786
,True,cfu_seed_1x,8545507602319817536
423,False,cfu_seed_10x,8545507602319817536
476,False,cfu_seed_100x,8545507602319817536
0,False,cfu_seed_1000x,8545507602319817536
2,False,cfu_seed_1x,-7689193650529932975
,True,cfu_seed_10x,-7689193650529932975
,True,cfu_seed_100x,-7689193650529932975
,True,cfu_seed_1000x,-7689193650529932975
,True,cfu_seed_1x,-7417011376958956978
,True,cfu_seed_10x,-7417011376958956978
8630,False,cfu_seed_100x,-7417011376958956978
8930,False,cfu_seed_1000x,-7417011376958956978
,True,cfu_seed_1x,3278533186033456317
,True,cfu_seed_10x,3278533186033456317
3390,False,cfu_seed_100x,3278533186033456317
2980,False,cfu_seed_1000x,3278533186033456317
,True,cfu_seed_1x,3565835291005844873
,True,cfu_seed_10x,3565835291005844873
3750,False,cfu_seed_100x,3565835291005844873
0,False,cfu_seed_1000x,3565835291005844873
,True,cfu_seed_1x,2597938885629583743
53,False,cfu_seed_10x,2597938885629583743
59,False,cfu_seed_100x,2597938885629583743
0,False,cfu_seed_1000x,2597938885629583743
,True,cfu_seed_1x,1890703779028750397
220,False,cfu_seed_10x,1890703779028750397
179,False,cfu_seed_100x,1890703779028750397
0,False,cfu_seed_1000x,1890703779028750397
,True,cfu_seed_1x,-8596837132444633566
,True,cfu_seed_10x,-8596837132444633566
9170,False,cfu_seed_100x,-8596837132444633566
7740,False,cfu_seed_1000x,-8596837132444633566
78,False,cfu_seed_1x,965358643103491584
41,False,cfu_seed_10x,965358643103491584
0,False,cfu_seed_100x,965358643103491584
0,False,cfu_seed_1000x,965358643103491584
,False,cfu_seed_1x,58831602796395825
,False,cfu_seed_10x,58831602796395825
,False,cfu_seed_100x,58831602796395825
,False,cfu_seed_1000x,58831602796395825
,True,cfu_seed_1x,3894726412837357608
0,False,cfu_seed_10x,3894726412837357608
0,False,cfu_seed_100x,3894726412837357608
0,False,cfu_seed_1000x,3894726412837357608
,False,cfu_seed_1x,-2391196811630223365
,False,cfu_seed_10x,-2391196811630223365
,False,cfu_seed_100x,-2391196811630223365
,False,cfu_seed_1000x,-2391196811630223365
,True,cfu_seed_1x,1342326912953213373
143,False,cfu_seed_10x,1342326912953213373
119,False,cfu_seed_100x,1342326912953213373
0,False,cfu_seed_1000x,1342326912953213373
,False,cfu_seed_1x,7563397791204957745
,False,cfu_seed_10x,7563397791204957745
,False,cfu_seed_100x,7563397791204957745
,False,cfu_seed_1000x,7563397791204957745
0,False,cfu_seed_1x,-2622544911055557868
0,False,cfu_seed_10x,-2622544911055557868
0,False,cfu_seed_100x,-2622544911055557868
0,False,cfu_seed_1000x,-2622544911055557868
,False,cfu_seed_1x,1904885864837297028
,False,cfu_seed_10x,1904885864837297028
,False,cfu_seed_100x,1904885864837297028
,False,cfu_seed_1000x,1904885864837297028
,True,cfu_seed_1x,-7303170766421447373
,True,cfu_seed_10x,-7303170766421447373
1430,False,cfu_seed_100x,-7303170766421447373
1190,False,cfu_seed_1000x,-7303170766421447373
1,False,cfu_seed_1x,4340489457567403139
,True,cfu_seed_10x,4340489457567403139
0,False,cfu_seed_100x,4340489457567403139
0,False,cfu_seed_1000x,4340489457567403139
,True,cfu_seed_1x,2936024074110500388
11,False,cfu_seed_10x,2936024074110500388
0,False,cfu_seed_100x,2936024074110500388
0,False,cfu_seed_1000x,2936024074110500388
,True,cfu_seed_1x,-6197983601893593987
208,False,cfu_seed_10x,-6197983601893593987
298,False,cfu_seed_100x,-6197983601893593987
0,False,cfu_seed_1000x,-6197983601893593987
,True,cfu_seed_1x,-5087362073168762900
,True,cfu_seed_10x,-5087362073168762900
,True,cfu_seed_100x,-5087362073168762900
,True,cfu_seed_1000x,-5087362073168762900
,True,cfu_seed_1x,-5881887960071264617
,True,cfu_seed_10x,-5881887960071264617
5420,False,cfu_seed_100x,-5881887960071264617
3570,False,cfu_seed_1000x,-5881887960071264617
4,False,cfu_seed_1x,-2843439415181057967
0,False,cfu_seed_10x,-2843439415181057967
0,False,cfu_seed_100x,-2843439415181057967
0,False,cfu_seed_1000x,-2843439415181057967
,True,cfu_seed_1x,4862621846020267450
65,False,cfu_seed_10x,4862621846020267450
0,False,cfu_seed_100x,4862621846020267450
0,False,cfu_seed_1000x,4862621846020267450
,True,cfu_seed_1x,5193290595704034234
,True,cfu_seed_10x,5193290595704034234
,True,cfu_seed_100x,5193290595704034234
,True,cfu_seed_1000x,5193290595704034234
,False,cfu_seed_1x,-4052449394704023079
,False,cfu_seed_10x,-4052449394704023079
,False,cfu_seed_100x,-4052449394704023079
,False,cfu_seed_1000x,-4052449394704023079
,True,cfu_seed_1x,-4400273892084671013
,True,cfu_seed_10x,-4400273892084671013
,True,cfu_seed_100x,-4400273892084671013
,True,cfu_seed_1000x,-4400273892084671013
,True,cfu_seed_1x,1001812673108268579
,True,cfu_seed_10x,1001812673108268579
10400,False,cfu_seed_100x,1001812673108268579
5950,False,cfu_seed_1000x,1001812673108268579
,False,cfu_seed_1x,-3811742985841387988
,False,cfu_seed_10x,-3811742985841387988
,False,cfu_seed_100x,-3811742985841387988
,False,cfu_seed_1000x,-3811742985841387988
2,False,cfu_seed_1x,-9161686227848396135
0,False,cfu_seed_10x,-9161686227848396135
0,False,cfu_seed_100x,-9161686227848396135
0,False,cfu_seed_1000x,-9161686227848396135
,False,cfu_seed_1x,-9161686227848396135
,False,cfu_seed_10x,-9161686227848396135
,False,cfu_seed_100x,-9161686227848396135
,False,cfu_seed_1000x,-9161686227848396135
,False,cfu_seed_1x,-3048319135087639927
,False,cfu_seed_10x,-3048319135087639927
,False,cfu_seed_100x,-3048319135087639927
,False,cfu_seed_1000x,-3048319135087639927
,True,cfu_seed_1x,-957510270463354572
,True,cfu_seed_10x,-957510270463354572
,True,cfu_seed_100x,-957510270463354572
,True,cfu_seed_1000x,-957510270463354572
,False,cfu_seed_1x,-957510270463354572
59,False,cfu_seed_10x,-957510270463354572
,False,cfu_seed_100x,-957510270463354572
,False,cfu_seed_1000x,-957510270463354572
,False,cfu_seed_1x,-8506438854664263628
,False,cfu_seed_10x,-8506438854664263628
,False,cfu_seed_100x,-8506438854664263628
,False,cfu_seed_1000x,-8506438854664263628
,True,cfu_seed_1x,3572772747461174543
65,False,cfu_seed_10x,3572772747461174543
59,False,cfu_seed_100x,3572772747461174543
0,False,cfu_seed_1000x,3572772747461174543
,False,cfu_seed_1x,-8085161342665739551
,False,cfu_seed_10x,-8085161342665739551
,False,cfu_seed_100x,-8085161342665739551
,False,cfu_seed_1000x,-8085161342665739551
,True,cfu_seed_1x,3889901788985005918
,True,cfu_seed_10x,3889901788985005918
,True,cfu_seed_100x,3889901788985005918
,True,cfu_seed_1000x,3889901788985005918
,True,cfu_seed_1x,-1549027418128888264
,True,cfu_seed_10x,-1549027418128888264
,True,cfu_seed_100x,-1549027418128888264
,False,cfu_seed_1000x,-1549027418128888264
,True,cfu_seed_1x,6416060906175581847
,True,cfu_seed_10x,6416060906175581847
12000,False,cfu_seed_100x,6416060906175581847
17900,False,cfu_seed_1000x,6416060906175581847
,True,cfu_seed_1x,-3701357083585855768
,True,cfu_seed_10x,-3701357083585855768
3390,False,cfu_seed_100x,-3701357083585855768
7740,False,cfu_seed_1000x,-3701357083585855768
,False,cfu_seed_1x,4682297193456269825
,False,cfu_seed_10x,4682297193456269825
,False,cfu_seed_100x,4682297193456269825
,False,cfu_seed_1000x,4682297193456269825
,True,cfu_seed_1x,-4694789207126584315
,True,cfu_seed_10x,-4694789207126584315
,True,cfu_seed_100x,-4694789207126584315
7140,False,cfu_seed_1000x,-4694789207126584315
4,False,cfu_seed_1x,-2062386072210106053
0,False,cfu_seed_10x,-2062386072210106053
0,False,cfu_seed_100x,-2062386072210106053
0,False,cfu_seed_1000x,-2062386072210106053
,False,cfu_seed_1x,1127026251626013418
,False,cfu_seed_10x,1127026251626013418
,False,cfu_seed_100x,1127026251626013418
,False,cfu_seed_1000x,1127026251626013418
44,False,cfu_seed_1x,-909764134360637277
53,False,cfu_seed_10x,-909764134360637277
0,False,cfu_seed_100x,-909764134360637277
0,False,cfu_seed_1000x,-909764134360637277
,True,cfu_seed_1x,2819986757896744331
,True,cfu_seed_10x,2819986757896744331
,True,cfu_seed_100x,2819986757896744331
0,False,cfu_seed_1000x,2819986757896744331
,True,cfu_seed_1x,-4093700779428914245
732,False,cfu_seed_10x,-4093700779428914245
893,False,cfu_seed_100x,-4093700779428914245
595,False,cfu_seed_1000x,-4093700779428914245
,False,cfu_seed_1x,-8693024022488155927
,False,cfu_seed_10x,-8693024022488155927
,False,cfu_seed_100x,-8693024022488155927
,False,cfu_seed_1000x,-8693024022488155927
2,False,cfu_seed_1x,6262464791288395049
17,False,cfu_seed_10x,6262464791288395049
0,False,cfu_seed_100x,6262464791288395049
0,False,cfu_seed_1000x,6262464791288395049
,False,cfu_seed_1x,6262464791288395049
,False,cfu_seed_10x,6262464791288395049
,False,cfu_seed_100x,6262464791288395049
,False,cfu_seed_1000x,6262464791288395049
,False,cfu_seed_1x,3102969708220533194
,False,cfu_seed_10x,3102969708220533194
,False,cfu_seed_100x,3102969708220533194
,False,cfu_seed_1000x,3102969708220533194
,True,cfu_seed_1x,3615321032554646710
,True,cfu_seed_10x,3615321032554646710
,True,cfu_seed_100x,3615321032554646710
,True,cfu_seed_1000x,3615321032554646710
,False,cfu_seed_1x,3615321032554646710
,False,cfu_seed_10x,3615321032554646710
,False,cfu_seed_100x,3615321032554646710
,False,cfu_seed_1000x,3615321032554646710
,False,cfu_seed_1x,-6715062747367912539
,False,cfu_seed_10x,-6715062747367912539
,False,cfu_seed_100x,-6715062747367912539
,False,cfu_seed_1000x,-6715062747367912539
,True,cfu_seed_1x,3298421831781403086
53,False,cfu_seed_10x,3298421831781403086
59,False,cfu_seed_100x,3298421831781403086
0,False,cfu_seed_1000x,3298421831781403086
,False,cfu_seed_1x,-219819835192991220
,False,cfu_seed_10x,-219819835192991220
,False,cfu_seed_100x,-219819835192991220
,False,cfu_seed_1000x,-219819835192991220
,True,cfu_seed_1x,3080357679493020701
,True,cfu_seed_10x,3080357679493020701
,True,cfu_seed_100x,3080357679493020701
,True,cfu_seed_1000x,3080357679493020701
,False,cfu_seed_1x,-2783629784323632776
,False,cfu_seed_10x,-2783629784323632776
,False,cfu_seed_100x,-2783629784323632776
,False,cfu_seed_1000x,-2783629784323632776
,True,cfu_seed_1x,-7367388584094801699
,True,cfu_seed_10x,-7367388584094801699
9880,False,cfu_seed_100x,-7367388584094801699
12500,False,cfu_seed_1000x,-7367388584094801699
,True,cfu_seed_1x,4305771470092738605
,True,cfu_seed_10x,4305771470092738605
2320,False,cfu_seed_100x,4305771470092738605
2380,False,cfu_seed_1000x,4305771470092738605
,False,cfu_seed_1x,-9085034964875144566
,False,cfu_seed_10x,-9085034964875144566
,False,cfu_seed_100x,-9085034964875144566
,False,cfu_seed_1000x,-9085034964875144566
,True,cfu_seed_1x,-9105145132911568032
,True,cfu_seed_10x,-9105145132911568032
,True,cfu_seed_100x,-9105145132911568032
,True,cfu_seed_1000x,-9105145132911568032
,False,cfu_seed_1x,7277925482333632193
,False,cfu_seed_10x,7277925482333632193
,False,cfu_seed_100x,7277925482333632193
,False,cfu_seed_1000x,7277925482333632193
,True,cfu_seed_1x,-6167067165479747928
113,False,cfu_seed_10x,-6167067165479747928
179,False,cfu_seed_100x,-6167067165479747928
0,False,cfu_seed_1000x,-6167067165479747928
,False,cfu_seed_1x,-4076011752882306972
,False,cfu_seed_10x,-4076011752882306972
,False,cfu_seed_100x,-4076011752882306972
,False,cfu_seed_1000x,-4076011752882306972
,True,cfu_seed_1x,3717496485695752468
,True,cfu_seed_10x,3717496485695752468
,True,cfu_seed_100x,3717496485695752468
,True,cfu_seed_1000x,3717496485695752468
,True,cfu_seed_1x,-3484035597180402338
,True,cfu_seed_10x,-3484035597180402338
,True,cfu_seed_100x,-3484035597180402338
0,False,cfu_seed_1000x,-3484035597180402338
,True,cfu_seed_1x,-8665984933527888682
,True,cfu_seed_10x,-8665984933527888682
4290,False,cfu_seed_100x,-8665984933527888682
9520,False,cfu_seed_1000x,-8665984933527888682
,False,cfu_seed_1x,1013924219124255175
,False,cfu_seed_10x,1013924219124255175
,False,cfu_seed_100x,1013924219124255175
,False,cfu_seed_1000x,1013924219124255175
41,False,cfu_seed_1x,5407966836824758370
41,False,cfu_seed_10x,5407966836824758370
0,False,cfu_seed_100x,5407966836824758370
0,False,cfu_seed_1000x,5407966836824758370
,False,cfu_seed_1x,-8076231631093507087
,False,cfu_seed_10x,-8076231631093507087
,False,cfu_seed_100x,-8076231631093507087
,False,cfu_seed_1000x,-8076231631093507087
,True,cfu_seed_1x,-6264484491729337590
101,False,cfu_seed_10x,-6264484491729337590
0,False,cfu_seed_100x,-6264484491729337590
0,False,cfu_seed_1000x,-6264484491729337590
,False,cfu_seed_1x,-6922408695537839994
,False,cfu_seed_10x,-6922408695537839994
,False,cfu_seed_100x,-6922408695537839994
,False,cfu_seed_1000x,-6922408695537839994
7,False,cfu_seed_1x,2821971489763330821
11,False,cfu_seed_10x,2821971489763330821
,True,cfu_seed_100x,2821971489763330821
,True,cfu_seed_1000x,2821971489763330821
,False,cfu_seed_1x,-5715470312772759681
,False,cfu_seed_10x,-5715470312772759681
,False,cfu_seed_100x,-5715470312772759681
,False,cfu_seed_1000x,-5715470312772759681
,True,cfu_seed_1x,-8884427590003360256
,True,cfu_seed_10x,-8884427590003360256
,True,cfu_seed_100x,-8884427590003360256
,True,cfu_seed_1000x,-8884427590003360256
,False,cfu_seed_1x,-3665288929395229230
,False,cfu_seed_10x,-3665288929395229230
,False,cfu_seed_100x,-3665288929395229230
,False,cfu_seed_1000x,-3665288929395229230
,True,cfu_seed_1x,6110776764398288103
827,False,cfu_seed_10x,6110776764398288103
1190,False,cfu_seed_100x,6110776764398288103
595,False,cfu_seed_1000x,6110776764398288103
,False,cfu_seed_1x,8976164968212228597
,False,cfu_seed_10x,8976164968212228597
,False,cfu_seed_100x,8976164968212228597
,False,cfu_seed_1000x,8976164968212228597
,True,cfu_seed_1x,-278965109556149533
,True,cfu_seed_10x,-278965109556149533
119,False,cfu_seed_100x,-278965109556149533
0,False,cfu_seed_1000x,-278965109556149533
,True,cfu_seed_1x,-2248990098116190272
,True,cfu_seed_10x,-2248990098116190272
,True,cfu_seed_100x,-2248990098116190272
,False,cfu_seed_1000x,-2248990098116190272
,True,cfu_seed_1x,-2759863016531176898
,True,cfu_seed_10x,-2759863016531176898
,True,cfu_seed_100x,-2759863016531176898
15500,False,cfu_seed_1000x,-2759863016531176898
,False,cfu_seed_1x,3029852161492255968
,False,cfu_seed_10x,3029852161492255968
,False,cfu_seed_100x,3029852161492255968
,False,cfu_seed_1000x,3029852161492255968
,True,cfu_seed_1x,4653248462917431384
47,False,cfu_seed_10x,4653248462917431384
0,False,cfu_seed_100x,4653248462917431384
0,False,cfu_seed_1000x,4653248462917431384
,False,cfu_seed_1x,4818535075002779020
,False,cfu_seed_10x,4818535075002779020
,False,cfu_seed_100x,4818535075002779020
,False,cfu_seed_1000x,4818535075002779020
,True,cfu_seed_1x,-5333357618265575333
0,False,cfu_seed_10x,-5333357618265575333
0,False,cfu_seed_100x,-5333357618265575333
0,False,cfu_seed_1000x,-5333357618265575333
,False,cfu_seed_1x,-2561077900650844894
,False,cfu_seed_10x,-2561077900650844894
,False,cfu_seed_100x,-2561077900650844894
,False,cfu_seed_1000x,-2561077900650844894
,True,cfu_seed_1x,1880592761576621423
,True,cfu_seed_10x,1880592761576621423
,True,cfu_seed_100x,1880592761576621423
0,False,cfu_seed_1000x,1880592761576621423
,False,cfu_seed_1x,-7795487605579084489
,False,cfu_seed_10x,-7795487605579084489
,False,cfu_seed_100x,-7795487605579084489
,False,cfu_seed_1000x,-7795487605579084489
,True,cfu_seed_1x,-1731515341846648810
,True,cfu_seed_10x,-1731515341846648810
,True,cfu_seed_100x,-1731515341846648810
595,False,cfu_seed_1000x,-1731515341846648810
,True,cfu_seed_1x,5631925008394467021
,True,cfu_seed_10x,5631925008394467021
238,False,cfu_seed_100x,5631925008394467021
,False,cfu_seed_1000x,5631925008394467021
,True,cfu_seed_1x,-861099135911432552
917,False,cfu_seed_10x,-861099135911432552
1370,False,cfu_seed_100x,-861099135911432552
595,False,cfu_seed_1000x,-861099135911432552
,True,cfu_seed_1x,4634520833768500115
0,False,cfu_seed_10x,4634520833768500115
0,False,cfu_seed_100x,4634520833768500115
0,False,cfu_seed_1000x,4634520833768500115
,True,cfu_seed_1x,3983697650533335526
,True,cfu_seed_10x,3983697650533335526
0,False,cfu_seed_100x,3983697650533335526
0,False,cfu_seed_1000x,3983697650533335526
,True,cfu_seed_1x,8411245152598170590
161,False,cfu_seed_10x,8411245152598170590
119,False,cfu_seed_100x,8411245152598170590
0,False,cfu_seed_1000x,8411245152598170590
73,False,cfu_seed_1x,-4629680759493074881
77,False,cfu_seed_10x,-4629680759493074881
0,False,cfu_seed_100x,-4629680759493074881
595,False,cfu_seed_1000x,-4629680759493074881
,True,cfu_seed_1x,-3709200476541876095
,True,cfu_seed_10x,-3709200476541876095
6850,False,cfu_seed_100x,-3709200476541876095
7140,False,cfu_seed_1000x,-3709200476541876095
3,False,cfu_seed_1x,6999688715045510917
0,False,cfu_seed_10x,6999688715045510917
0,False,cfu_seed_100x,6999688715045510917
0,False,cfu_seed_1000x,6999688715045510917
,True,cfu_seed_1x,2049540704623565697
214,False,cfu_seed_10x,2049540704623565697
0,False,cfu_seed_100x,2049540704623565697
0,False,cfu_seed_1000x,2049540704623565697
,True,cfu_seed_1x,-7492528080687731916
,True,cfu_seed_10x,-7492528080687731916
2020,False,cfu_seed_100x,-7492528080687731916
1190,False,cfu_seed_1000x,-7492528080687731916
,True,cfu_seed_1x,2659599375567433396
83,False,cfu_seed_10x,2659599375567433396
119,False,cfu_seed_100x,2659599375567433396
,False,cfu_seed_1000x,2659599375567433396
,True,cfu_seed_1x,-264333384202867466
667,False,cfu_seed_10x,-264333384202867466
417,False,cfu_seed_100x,-264333384202867466
,False,cfu_seed_1000x,-264333384202867466
,True,cfu_seed_1x,3499898169825013917
137,False,cfu_seed_10x,3499898169825013917
476,False,cfu_seed_100x,3499898169825013917
,False,cfu_seed_1000x,3499898169825013917
,True,cfu_seed_1x,4637394711980124156
5,False,cfu_seed_10x,4637394711980124156
0,False,cfu_seed_100x,4637394711980124156
,False,cfu_seed_1000x,4637394711980124156
3,False,cfu_seed_1x,-2141449254309665339
11,False,cfu_seed_10x,-2141449254309665339
0,False,cfu_seed_100x,-2141449254309665339
,False,cfu_seed_1000x,-2141449254309665339
,True,cfu_seed_1x,351598444940300158
0,False,cfu_seed_10x,351598444940300158
0,False,cfu_seed_100x,351598444940300158
0,False,cfu_seed_1000x,351598444940300158
36,False,cfu_seed_1x,8842201231342633907
53,False,cfu_seed_10x,8842201231342633907
0,False,cfu_seed_100x,8842201231342633907
,False,cfu_seed_1000x,8842201231342633907
,True,cfu_seed_1x,-6805970546318008196
268,False,cfu_seed_10x,-6805970546318008196
417,False,cfu_seed_100x,-6805970546318008196
0,False,cfu_seed_1000x,-6805970546318008196
13,False,cfu_seed_1x,-7031035316189218594
17,False,cfu_seed_10x,-7031035316189218594
0,False,cfu_seed_100x,-7031035316189218594
,False,cfu_seed_1000x,-7031035316189218594
,True,cfu_seed_1x,7119465665023195068
,True,cfu_seed_10x,7119465665023195068
119,False,cfu_seed_100x,7119465665023195068
,False,cfu_seed_1000x,7119465665023195068
,True,cfu_seed_1x,4525463660555393644
411,False,cfu_seed_10x,4525463660555393644
357,False,cfu_seed_100x,4525463660555393644
,False,cfu_seed_1000x,4525463660555393644
,True,cfu_seed_1x,4357338554741304757
220,False,cfu_seed_10x,4357338554741304757
298,False,cfu_seed_100x,4357338554741304757
1190,False,cfu_seed_1000x,4357338554741304757
,True,cfu_seed_1x,8733935526471475702
,True,cfu_seed_10x,8733935526471475702
3150,False,cfu_seed_100x,8733935526471475702
1190,False,cfu_seed_1000x,8733935526471475702
,True,cfu_seed_1x,7811558030403492831
673,False,cfu_seed_10x,7811558030403492831
893,False,cfu_seed_100x,7811558030403492831
0,False,cfu_seed_1000x,7811558030403492831
,True,cfu_seed_1x,7495931837290499276
,True,cfu_seed_10x,7495931837290499276
,True,cfu_seed_100x,7495931837290499276
,True,cfu_seed_1000x,7495931837290499276
,False,cfu_seed_1x,-3658292347626453996
,False,cfu_seed_10x,-3658292347626453996
,False,cfu_seed_100x,-3658292347626453996
,False,cfu_seed_1000x,-3658292347626453996
,True,cfu_seed_1x,2537384842162284668
5,False,cfu_seed_10x,2537384842162284668
0,False,cfu_seed_100x,2537384842162284668
0,False,cfu_seed_1000x,2537384842162284668
,True,cfu_seed_1x,-3786437849769952415
,True,cfu_seed_10x,-3786437849769952415
,True,cfu_seed_100x,-3786437849769952415
,True,cfu_seed_1000x,-3786437849769952415
,True,cfu_seed_1x,64591584872045131
,True,cfu_seed_10x,64591584872045131
,True,cfu_seed_100x,64591584872045131
11900,False,cfu_seed_1000x,64591584872045131
,False,cfu_seed_1x,6324933638062466810
,False,cfu_seed_10x,6324933638062466810
,False,cfu_seed_100x,6324933638062466810
,False,cfu_seed_1000x,6324933638062466810
,True,cfu_seed_1x,4777058702703136543
1780,False,cfu_seed_10x,4777058702703136543
2260,False,cfu_seed_100x,4777058702703136543
1790,False,cfu_seed_1000x,4777058702703136543
,False,cfu_seed_1x,-4899803220408581102
,False,cfu_seed_10x,-4899803220408581102
,False,cfu_seed_100x,-4899803220408581102
,False,cfu_seed_1000x,-4899803220408581102
,True,cfu_seed_1x,7233920739374397750
,True,cfu_seed_10x,7233920739374397750
,True,cfu_seed_100x,7233920739374397750
,True,cfu_seed_1000x,7233920739374397750
,False,cfu_seed_1x,-1647820643217674459
,False,cfu_seed_10x,-1647820643217674459
,False,cfu_seed_100x,-1647820643217674459
,False,cfu_seed_1000x,-1647820643217674459
,True,cfu_seed_1x,3918280042529640367
,True,cfu_seed_10x,3918280042529640367
,True,cfu_seed_100x,3918280042529640367
,True,cfu_seed_1000x,3918280042529640367
,False,cfu_seed_1x,-2708233225349916080
,False,cfu_seed_10x,-2708233225349916080
,False,cfu_seed_100x,-2708233225349916080
,False,cfu_seed_1000x,-2708233225349916080
,True,cfu_seed_1x,1802867954170090845
,True,cfu_seed_10x,1802867954170090845
,True,cfu_seed_100x,1802867954170090845
,True,cfu_seed_1000x,1802867954170090845
,False,cfu_seed_1x,-2870107373843413362
,False,cfu_seed_10x,-2870107373843413362
,False,cfu_seed_100x,-2870107373843413362
,False,cfu_seed_1000x,-2870107373843413362
2,False,cfu_seed_1x,-1366660064665220953
5,False,cfu_seed_10x,-1366660064665220953
0,False,cfu_seed_100x,-1366660064665220953
0,False,cfu_seed_1000x,-1366660064665220953
,False,cfu_seed_1x,-2391282437568168743
,False,cfu_seed_10x,-2391282437568168743
,False,cfu_seed_100x,-2391282437568168743
,False,cfu_seed_1000x,-2391282437568168743
,True,cfu_seed_1x,-3602760661038412603
,True,cfu_seed_10x,-3602760661038412603
119,False,cfu_seed_100x,-3602760661038412603
,False,cfu_seed_1000x,-3602760661038412603
,False,cfu_seed_1x,3667160245802366260
,False,cfu_seed_10x,3667160245802366260
,False,cfu_seed_100x,3667160245802366260
,False,cfu_seed_1000x,3667160245802366260
,True,cfu_seed_1x,5791060734432994833
696,False,cfu_seed_10x,5791060734432994833
833,False,cfu_seed_100x,5791060734432994833
1190,False,cfu_seed_1000x,5791060734432994833
,True,cfu_seed_1x,7567428897761347975
,True,cfu_seed_10x,7567428897761347975
,True,cfu_seed_100x,7567428897761347975
,True,cfu_seed_1000x,7567428897761347975
,False,cfu_seed_1x,-1863746845252472437
,False,cfu_seed_10x,-1863746845252472437
,False,cfu_seed_100x,-1863746845252472437
,False,cfu_seed_1000x,-1863746845252472437
,True,cfu_seed_1x,4096933431332722192
,True,cfu_seed_10x,4096933431332722192
6130,False,cfu_seed_100x,4096933431332722192
7740,False,cfu_seed_1000x,4096933431332722192
,True,cfu_seed_1x,1983529340190297902
1840,False,cfu_seed_10x,1983529340190297902
2020,False,cfu_seed_100x,1983529340190297902
1790,False,cfu_seed_1000x,1983529340190297902
,True,cfu_seed_1x,1632326750199002080
,True,cfu_seed_10x,1632326750199002080
,True,cfu_seed_100x,1632326750199002080
1790,False,cfu_seed_1000x,1632326750199002080
,True,cfu_seed_1x,7978361861928933005
137,False,cfu_seed_10x,7978361861928933005
0,False,cfu_seed_100x,7978361861928933005
0,False,cfu_seed_1000x,7978361861928933005
,False,cfu_seed_1x,-5967789485847400095
,False,cfu_seed_10x,-5967789485847400095
,False,cfu_seed_100x,-5967789485847400095
,False,cfu_seed_1000x,-5967789485847400095
,True,cfu_seed_1x,9183096804364817288
,True,cfu_seed_10x,9183096804364817288
,True,cfu_seed_100x,9183096804364817288
2380,False,cfu_seed_1000x,9183096804364817288
,False,cfu_seed_1x,3513663695040396364
,False,cfu_seed_10x,3513663695040396364
,False,cfu_seed_100x,3513663695040396364
,False,cfu_seed_1000x,3513663695040396364
,True,cfu_seed_1x,-5768129615657762952
583,False,cfu_seed_10x,-5768129615657762952
595,False,cfu_seed_100x,-5768129615657762952
0,False,cfu_seed_1000x,-5768129615657762952
,False,cfu_seed_1x,5154348143281154958
,False,cfu_seed_10x,5154348143281154958
,False,cfu_seed_100x,5154348143281154958
,False,cfu_seed_1000x,5154348143281154958
0,False,cfu_seed_1x,8820606939654004691
0,False,cfu_seed_10x,8820606939654004691
0,False,cfu_seed_100x,8820606939654004691
0,False,cfu_seed_1000x,8820606939654004691
,False,cfu_seed_1x,6531601362247115066
,False,cfu_seed_10x,6531601362247115066
,False,cfu_seed_100x,6531601362247115066
,False,cfu_seed_1000x,6531601362247115066
20,False,cfu_seed_1x,-1045413228355142863
23,False,cfu_seed_10x,-1045413228355142863
59,False,cfu_seed_100x,-1045413228355142863
0,False,cfu_seed_1000x,-1045413228355142863
,False,cfu_seed_1x,3943422731158397945
,False,cfu_seed_10x,3943422731158397945
,False,cfu_seed_100x,3943422731158397945
,False,cfu_seed_1000x,3943422731158397945
2,False,cfu_seed_1x,2394446769693986203
0,False,cfu_seed_10x,2394446769693986203
0,False,cfu_seed_100x,2394446769693986203
0,False,cfu_seed_1000x,2394446769693986203
,False,cfu_seed_1x,-7632798539437343167
,False,cfu_seed_10x,-7632798539437343167
,False,cfu_seed_100x,-7632798539437343167
,False,cfu_seed_1000x,-7632798539437343167
,True,cfu_seed_1x,3170121161625819889
,True,cfu_seed_10x,3170121161625819889
,True,cfu_seed_100x,3170121161625819889
0,False,cfu_seed_1000x,3170121161625819889
,True,cfu_seed_1x,-4935182631509553802
,True,cfu_seed_10x,-4935182631509553802
7260,False,cfu_seed_100x,-4935182631509553802
2980,False,cfu_seed_1000x,-4935182631509553802
,True,cfu_seed_1x,-4705021855247196259
,True,cfu_seed_10x,-4705021855247196259
1670,False,cfu_seed_100x,-4705021855247196259
3570,False,cfu_seed_1000x,-4705021855247196259
,True,cfu_seed_1x,6804920687031797301
946,False,cfu_seed_10x,6804920687031797301
1430,False,cfu_seed_100x,6804920687031797301
0,False,cfu_seed_1000x,6804920687031797301
,False,cfu_seed_1x,4302679812482861679
,False,cfu_seed_10x,4302679812482861679
,False,cfu_seed_100x,4302679812482861679
,False,cfu_seed_1000x,4302679812482861679
,True,cfu_seed_1x,3140108802640860543
,True,cfu_seed_10x,3140108802640860543
238,False,cfu_seed_100x,3140108802640860543
0,False,cfu_seed_1000x,3140108802640860543
,True,cfu_seed_1x,7287459107268261577
5,False,cfu_seed_10x,7287459107268261577
0,False,cfu_seed_100x,7287459107268261577
0,False,cfu_seed_1000x,7287459107268261577
,False,cfu_seed_1x,-4772984951987311431
,False,cfu_seed_10x,-4772984951987311431
,False,cfu_seed_100x,-4772984951987311431
,False,cfu_seed_1000x,-4772984951987311431
,True,cfu_seed_1x,-2932408626098352501
53,False,cfu_seed_10x,-2932408626098352501
59,False,cfu_seed_100x,-2932408626098352501
0,False,cfu_seed_1000x,-2932408626098352501
,True,cfu_seed_1x,1490098571257544854
530,False,cfu_seed_10x,1490098571257544854
417,False,cfu_seed_100x,1490098571257544854
1190,False,cfu_seed_1000x,1490098571257544854
,False,cfu_seed_1x,-7407376238951698939
,False,cfu_seed_10x,-7407376238951698939
,False,cfu_seed_100x,-7407376238951698939
,False,cfu_seed_1000x,-7407376238951698939
,True,cfu_seed_1x,116577204789650202
,True,cfu_seed_10x,116577204789650202
1960,False,cfu_seed_100x,116577204789650202
2380,False,cfu_seed_1000x,116577204789650202
,False,cfu_seed_1x,8121037212457575050
,False,cfu_seed_10x,8121037212457575050
,False,cfu_seed_100x,8121037212457575050
,False,cfu_seed_1000x,8121037212457575050
,True,cfu_seed_1x,6895438457271551799
,True,cfu_seed_10x,6895438457271551799
,True,cfu_seed_100x,6895438457271551799
0,False,cfu_seed_1000x,6895438457271551799
,True,cfu_seed_1x,858521255344453298
,True,cfu_seed_10x,858521255344453298
0,False,cfu_seed_100x,858521255344453298
,False,cfu_seed_1000x,858521255344453298
,True,cfu_seed_1x,694014473705115729
,True,cfu_seed_10x,694014473705115729
4760,False,cfu_seed_100x,694014473705115729
5950,False,cfu_seed_1000x,694014473705115729
,False,cfu_seed_1x,-3572148997628346664
,False,cfu_seed_10x,-3572148997628346664
,False,cfu_seed_100x,-3572148997628346664
,False,cfu_seed_1000x,-3572148997628346664
,True,cfu_seed_1x,6969596430896811496
,True,cfu_seed_10x,6969596430896811496
238,False,cfu_seed_100x,6969596430896811496
0,False,cfu_seed_1000x,6969596430896811496
,True,cfu_seed_1x,2935170692203737678
17,False,cfu_seed_10x,2935170692203737678
0,False,cfu_seed_100x,2935170692203737678
,False,cfu_seed_1000x,2935170692203737678
,True,cfu_seed_1x,5066816755948826710
,True,cfu_seed_10x,5066816755948826710
4110,False,cfu_seed_100x,5066816755948826710
2380,False,cfu_seed_1000x,5066816755948826710
,False,cfu_seed_1x,1705181102763378014
,False,cfu_seed_10x,1705181102763378014
,False,cfu_seed_100x,1705181102763378014
,False,cfu_seed_1000x,1705181102763378014
,True,cfu_seed_1x,-6107816793905298753
952,False,cfu_seed_10x,-6107816793905298753
1130,False,cfu_seed_100x,-6107816793905298753
0,False,cfu_seed_1000x,-6107816793905298753
,False,cfu_seed_1x,-7344143261044677469
,False,cfu_seed_10x,-7344143261044677469
,False,cfu_seed_100x,-7344143261044677469
,False,cfu_seed_1000x,-7344143261044677469
,True,cfu_seed_1x,-3156751439151995967
,True,cfu_seed_10x,-3156751439151995967
,True,cfu_seed_100x,-3156751439151995967
0,False,cfu_seed_1000x,-3156751439151995967
,False,cfu_seed_1x,-9033953751967718830
,False,cfu_seed_10x,-9033953751967718830
,False,cfu_seed_100x,-9033953751967718830
,False,cfu_seed_1000x,-9033953751967718830
4,False,cfu_seed_1x,-1411832364149924345
0,False,cfu_seed_10x,-1411832364149924345
0,False,cfu_seed_100x,-1411832364149924345
0,False,cfu_seed_1000x,-1411832364149924345
,False,cfu_seed_1x,-8166319659479883016
,False,cfu_seed_10x,-8166319659479883016
,False,cfu_seed_100x,-8166319659479883016
,False,cfu_seed_1000x,-8166319659479883016
,True,cfu_seed_1x,-1286030771174463169
,True,cfu_seed_10x,-1286030771174463169
,True,cfu_seed_100x,-1286030771174463169
0,False,cfu_seed_1000x,-1286030771174463169
,False,cfu_seed_1x,8751793868465424143
,False,cfu_seed_10x,8751793868465424143
,False,cfu_seed_100x,8751793868465424143
,False,cfu_seed_1000x,8751793868465424143
,True,cfu_seed_1x,-768947938329714681
,True,cfu_seed_10x,-768947938329714681
1430,False,cfu_seed_100x,-768947938329714681
0,False,cfu_seed_1000x,-768947938329714681
,False,cfu_seed_1x,3570174524340753526
,False,cfu_seed_10x,3570174524340753526
,False,cfu_seed_100x,3570174524340753526
,False,cfu_seed_1000x,3570174524340753526
,True,cfu_seed_1x,-8188227542250482848
,True,cfu_seed_10x,-8188227542250482848
,True,cfu_seed_100x,-8188227542250482848
,True,cfu_seed_1000x,-8188227542250482848
,True,cfu_seed_1x,1922792748314400554
,True,cfu_seed_10x,1922792748314400554
,True,cfu_seed_100x,1922792748314400554
0,False,cfu_seed_1000x,1922792748314400554
,True,cfu_seed_1x,7533058166371653459
,True,cfu_seed_10x,7533058166371653459
14500,False,cfu_seed_100x,7533058166371653459
22600,False,cfu_seed_1000x,7533058166371653459
,True,cfu_seed_1x,138948462027619808
,True,cfu_seed_10x,138948462027619808
,True,cfu_seed_100x,138948462027619808
0,False,cfu_seed_1000x,138948462027619808
,True,cfu_seed_1x,-3532136706753768627
,True,cfu_seed_10x,-3532136706753768627
6010,False,cfu_seed_100x,-3532136706753768627
10700,False,cfu_seed_1000x,-3532136706753768627
,True,cfu_seed_1x,-6227189523714649320
17,False,cfu_seed_10x,-6227189523714649320
59,False,cfu_seed_100x,-6227189523714649320
0,False,cfu_seed_1000x,-6227189523714649320
75,False,cfu_seed_1x,4511624118800788344
83,False,cfu_seed_10x,4511624118800788344
59,False,cfu_seed_100x,4511624118800788344
0,False,cfu_seed_1000x,4511624118800788344
,True,cfu_seed_1x,236249140754201794
,True,cfu_seed_10x,236249140754201794
2500,False,cfu_seed_100x,236249140754201794
2980,False,cfu_seed_1000x,236249140754201794
,True,cfu_seed_1x,-1630992177814363672
,True,cfu_seed_10x,-1630992177814363672
10500,False,cfu_seed_100x,-1630992177814363672
11900,False,cfu_seed_1000x,-1630992177814363672
,True,cfu_seed_1x,6398753676393882224
,True,cfu_seed_10x,6398753676393882224
4880,False,cfu_seed_100x,6398753676393882224
5950,False,cfu_seed_1000x,6398753676393882224
,True,cfu_seed_1x,-7373196680120806478
685,False,cfu_seed_10x,-7373196680120806478
3210,False,cfu_seed_100x,-7373196680120806478
1790,False,cfu_seed_1000x,-7373196680120806478
,True,cfu_seed_1x,650785532752986184
,True,cfu_seed_10x,650785532752986184
3570,False,cfu_seed_100x,650785532752986184
1790,False,cfu_seed_1000x,650785532752986184
,True,cfu_seed_1x,-1650926392290695183
,True,cfu_seed_10x,-1650926392290695183
2860,False,cfu_seed_100x,-1650926392290695183
4170,False,cfu_seed_1000x,-1650926392290695183
,True,cfu_seed_1x,-5471034768418792048
155,False,cfu_seed_10x,-5471034768418792048
179,False,cfu_seed_100x,-5471034768418792048
0,False,cfu_seed_1000x,-5471034768418792048
,True,cfu_seed_1x,-6622017909488503273
,True,cfu_seed_10x,-6622017909488503273
7740,False,cfu_seed_100x,-6622017909488503273
10700,False,cfu_seed_1000x,-6622017909488503273
83,False,cfu_seed_1x,-6266029795974508578
101,False,cfu_seed_10x,-6266029795974508578
238,False,cfu_seed_100x,-6266029795974508578
0,False,cfu_seed_1000x,-6266029795974508578
,True,cfu_seed_1x,-8340456734324015078
458,False,cfu_seed_10x,-8340456734324015078
476,False,cfu_seed_100x,-8340456734324015078
0,False,cfu_seed_1000x,-8340456734324015078
,True,cfu_seed_1x,7541279616611507187
,True,cfu_seed_10x,7541279616611507187
,True,cfu_seed_100x,7541279616611507187
0,False,cfu_seed_1000x,7541279616611507187
,True,cfu_seed_1x,-6979435410900132074
,True,cfu_seed_10x,-6979435410900132074
,True,cfu_seed_100x,-6979435410900132074
12500,False,cfu_seed_1000x,-6979435410900132074
,True,cfu_seed_1x,-1589619076019036328
,True,cfu_seed_10x,-1589619076019036328
,True,cfu_seed_100x,-1589619076019036328
,True,cfu_seed_1000x,-1589619076019036328
,True,cfu_seed_1x,-3674696934490772075
,True,cfu_seed_10x,-3674696934490772075
,True,cfu_seed_100x,-3674696934490772075
8930,False,cfu_seed_1000x,-3674696934490772075
,True,cfu_seed_1x,-3928287233121037687
17,False,cfu_seed_10x,-3928287233121037687
0,False,cfu_seed_100x,-3928287233121037687
0,False,cfu_seed_1000x,-3928287233121037687
16,False,cfu_seed_1x,-3258951235069791576
5,False,cfu_seed_10x,-3258951235069791576
0,False,cfu_seed_100x,-3258951235069791576
0,False,cfu_seed_1000x,-3258951235069791576
,True,cfu_seed_1x,-1497449724642834005
,True,cfu_seed_10x,-1497449724642834005
,True,cfu_seed_100x,-1497449724642834005
,True,cfu_seed_1000x,-1497449724642834005
,True,cfu_seed_1x,-2804974888071983247
,True,cfu_seed_10x,-2804974888071983247
,True,cfu_seed_100x,-2804974888071983247
11300,False,cfu_seed_1000x,-2804974888071983247
,True,cfu_seed_1x,-287652680643715198
5,False,cfu_seed_10x,-287652680643715198
0,False,cfu_seed_100x,-287652680643715198
0,False,cfu_seed_1000x,-287652680643715198
53,False,cfu_seed_1x,1924367808640483305
83,False,cfu_seed_10x,1924367808640483305
119,False,cfu_seed_100x,1924367808640483305
0,False,cfu_seed_1000x,1924367808640483305
,True,cfu_seed_1x,63263176818733523
,True,cfu_seed_10x,63263176818733523
,True,cfu_seed_100x,63263176818733523
20800,False,cfu_seed_1000x,63263176818733523
,True,cfu_seed_1x,-7804917577219345361
,True,cfu_seed_10x,-7804917577219345361
6250,False,cfu_seed_100x,-7804917577219345361
8330,False,cfu_seed_1000x,-7804917577219345361
,True,cfu_seed_1x,-8513529412687069057
,True,cfu_seed_10x,-8513529412687069057
1900,False,cfu_seed_100x,-8513529412687069057
1190,False,cfu_seed_1000x,-8513529412687069057
,True,cfu_seed_1x,7131529564065106000
,True,cfu_seed_10x,7131529564065106000
3630,False,cfu_seed_100x,7131529564065106000
2980,False,cfu_seed_1000x,7131529564065106000
,True,cfu_seed_1x,7608834921109537020
,True,cfu_seed_10x,7608834921109537020
,True,cfu_seed_100x,7608834921109537020
20800,False,cfu_seed_1000x,7608834921109537020
,True,cfu_seed_1x,-3273029058000473077
,True,cfu_seed_10x,-3273029058000473077
,True,cfu_seed_100x,-3273029058000473077
,True,cfu_seed_1000x,-3273029058000473077
,True,cfu_seed_1x,5261021007358627931
,True,cfu_seed_10x,5261021007358627931
2080,False,cfu_seed_100x,5261021007358627931
1790,False,cfu_seed_1000x,5261021007358627931
,True,cfu_seed_1x,-4804504819472028042
,True,cfu_seed_10x,-4804504819472028042
2920,False,cfu_seed_100x,-4804504819472028042
5360,False,cfu_seed_1000x,-4804504819472028042
,True,cfu_seed_1x,-2010490609339776104
,True,cfu_seed_10x,-2010490609339776104
4760,False,cfu_seed_100x,-2010490609339776104
1790,False,cfu_seed_1000x,-2010490609339776104
,True,cfu_seed_1x,3736102072148684139
,True,cfu_seed_10x,3736102072148684139
4820,False,cfu_seed_100x,3736102072148684139
4760,False,cfu_seed_1000x,3736102072148684139
,True,cfu_seed_1x,4656781879928936238
,True,cfu_seed_10x,4656781879928936238
2920,False,cfu_seed_100x,4656781879928936238
8330,False,cfu_seed_1000x,4656781879928936238
,True,cfu_seed_1x,6098916990270445644
,True,cfu_seed_10x,6098916990270445644
,True,cfu_seed_100x,6098916990270445644
17900,False,cfu_seed_1000x,6098916990270445644
,True,cfu_seed_1x,-1359450220760103868
,True,cfu_seed_10x,-1359450220760103868
10200,False,cfu_seed_100x,-1359450220760103868
13100,False,cfu_seed_1000x,-1359450220760103868
,True,cfu_seed_1x,-6898264866695880748
,True,cfu_seed_10x,-6898264866695880748
2020,False,cfu_seed_100x,-6898264866695880748
2380,False,cfu_seed_1000x,-6898264866695880748
,True,cfu_seed_1x,-1457754679409589918
,True,cfu_seed_10x,-1457754679409589918
,True,cfu_seed_100x,-1457754679409589918
,True,cfu_seed_1000x,-1457754679409589918
,True,cfu_seed_1x,5583083978671153375
,True,cfu_seed_10x,5583083978671153375
,True,cfu_seed_100x,5583083978671153375
11900,False,cfu_seed_1000x,5583083978671153375
,True,cfu_seed_1x,-9088972262398287174
,True,cfu_seed_10x,-9088972262398287174
7260,False,cfu_seed_100x,-9088972262398287174
10100,False,cfu_seed_1000x,-9088972262398287174
,True,cfu_seed_1x,6781790721743040352
89,False,cfu_seed_10x,6781790721743040352
0,False,cfu_seed_100x,6781790721743040352
0,False,cfu_seed_1000x,6781790721743040352
47,False,cfu_seed_1x,3601883534000701408
77,False,cfu_seed_10x,3601883534000701408
0,False,cfu_seed_100x,3601883534000701408
0,False,cfu_seed_1000x,3601883534000701408
,True,cfu_seed_1x,1528449190493539130
17,False,cfu_seed_10x,1528449190493539130
0,False,cfu_seed_100x,1528449190493539130
0,False,cfu_seed_1000x,1528449190493539130
10,False,cfu_seed_1x,4007014746036625342
23,False,cfu_seed_10x,4007014746036625342
0,False,cfu_seed_100x,4007014746036625342
0,False,cfu_seed_1000x,4007014746036625342
,True,cfu_seed_1x,-1952963152119914265
,True,cfu_seed_10x,-1952963152119914265
3990,False,cfu_seed_100x,-1952963152119914265
4170,False,cfu_seed_1000x,-1952963152119914265
,True,cfu_seed_1x,-254839559624465589
,True,cfu_seed_10x,-254839559624465589
1130,False,cfu_seed_100x,-254839559624465589
1190,False,cfu_seed_1000x,-254839559624465589
,True,cfu_seed_1x,7619979284170271367
119,False,cfu_seed_10x,7619979284170271367
0,False,cfu_seed_100x,7619979284170271367
0,False,cfu_seed_1000x,7619979284170271367
,True,cfu_seed_1x,-9107842912631645849
,True,cfu_seed_10x,-9107842912631645849
0,False,cfu_seed_100x,-9107842912631645849
0,False,cfu_seed_1000x,-9107842912631645849
,True,cfu_seed_1x,6158390420267352775
,True,cfu_seed_10x,6158390420267352775
,True,cfu_seed_100x,6158390420267352775
15500,False,cfu_seed_1000x,6158390420267352775
,True,cfu_seed_1x,1845542106771300502
,True,cfu_seed_10x,1845542106771300502
10000,False,cfu_seed_100x,1845542106771300502
13100,False,cfu_seed_1000x,1845542106771300502
8,False,cfu_seed_1x,-7442992363964165250
0,False,cfu_seed_10x,-7442992363964165250
0,False,cfu_seed_100x,-7442992363964165250
0,False,cfu_seed_1000x,-7442992363964165250
4,False,cfu_seed_1x,-551702316857156866
5,False,cfu_seed_10x,-551702316857156866
0,False,cfu_seed_100x,-551702316857156866
0,False,cfu_seed_1000x,-551702316857156866
,True,cfu_seed_1x,8938631053500640474
83,False,cfu_seed_10x,8938631053500640474
0,False,cfu_seed_100x,8938631053500640474
0,False,cfu_seed_1000x,8938631053500640474
17,False,cfu_seed_1x,6242811308270116595
47,False,cfu_seed_10x,6242811308270116595
59,False,cfu_seed_100x,6242811308270116595
0,False,cfu_seed_1000x,6242811308270116595
,True,cfu_seed_1x,-139191353900744536
,True,cfu_seed_10x,-139191353900744536
,True,cfu_seed_100x,-139191353900744536
51800,False,cfu_seed_1000x,-139191353900744536
,True,cfu_seed_1x,9219909920149637673
,True,cfu_seed_10x,9219909920149637673
,True,cfu_seed_100x,9219909920149637673
21400,False,cfu_seed_1000x,9219909920149637673
,True,cfu_seed_1x,9219909920149637673
,True,cfu_seed_10x,9219909920149637673
,True,cfu_seed_100x,9219909920149637673
29800,False,cfu_seed_1000x,9219909920149637673
,True,cfu_seed_1x,5554117954490884154
,True,cfu_seed_10x,5554117954490884154
,True,cfu_seed_100x,5554117954490884154
38100,False,cfu_seed_1000x,5554117954490884154
,True,cfu_seed_1x,5554117954490884154
,True,cfu_seed_10x,5554117954490884154
,True,cfu_seed_100x,5554117954490884154
47000,False,cfu_seed_1000x,5554117954490884154
,True,cfu_seed_1x,7363607240116749932
,True,cfu_seed_10x,7363607240116749932
,True,cfu_seed_100x,7363607240116749932
21400,False,cfu_seed_1000x,7363607240116749932
,True,cfu_seed_1x,7363607240116749932
,True,cfu_seed_10x,7363607240116749932
,True,cfu_seed_100x,7363607240116749932
14300,False,cfu_seed_1000x,7363607240116749932
,True,cfu_seed_1x,1591369643523057396
,True,cfu_seed_10x,1591369643523057396
,True,cfu_seed_100x,1591369643523057396
41100,False,cfu_seed_1000x,1591369643523057396
,True,cfu_seed_1x,1591369643523057396
,True,cfu_seed_10x,1591369643523057396
,True,cfu_seed_100x,1591369643523057396
33300,False,cfu_seed_1000x,1591369643523057396
,True,cfu_seed_1x,-5142854935112370574
,True,cfu_seed_10x,-5142854935112370574
,True,cfu_seed_100x,-5142854935112370574
,True,cfu_seed_1000x,-5142854935112370574
,True,cfu_seed_1x,-5142854935112370574
,True,cfu_seed_10x,-5142854935112370574
,True,cfu_seed_100x,-5142854935112370574
,True,cfu_seed_1000x,-5142854935112370574
,True,cfu_seed_1x,1245083865426872773
,True,cfu_seed_10x,1245083865426872773
,True,cfu_seed_100x,1245083865426872773
69600,False,cfu_seed_1000x,1245083865426872773
,True,cfu_seed_1x,-8729527595504079468
,True,cfu_seed_10x,-8729527595504079468
,True,cfu_seed_100x,-8729527595504079468
42900,False,cfu_seed_1000x,-8729527595504079468
,True,cfu_seed_1x,1309570497529863022
,True,cfu_seed_10x,1309570497529863022
,True,cfu_seed_100x,1309570497529863022
159000,False,cfu_seed_1000x,1309570497529863022
,True,cfu_seed_1x,7189092238869196217
,True,cfu_seed_10x,7189092238869196217
,True,cfu_seed_100x,7189092238869196217
61900,False,cfu_seed_1000x,7189092238869196217
,True,cfu_seed_1x,7239564430565755571
,True,cfu_seed_10x,7239564430565755571
,True,cfu_seed_100x,7239564430565755571
35700,False,cfu_seed_1000x,7239564430565755571
,True,cfu_seed_1x,7259187016357941889
,True,cfu_seed_10x,7259187016357941889
,True,cfu_seed_100x,7259187016357941889
32700,False,cfu_seed_1000x,7259187016357941889
,True,cfu_seed_1x,3702312791855897981
,True,cfu_seed_10x,3702312791855897981
8270,False,cfu_seed_100x,3702312791855897981
6550,False,cfu_seed_1000x,3702312791855897981
,True,cfu_seed_1x,-365136104203205330
,True,cfu_seed_10x,-365136104203205330
,True,cfu_seed_100x,-365136104203205330
23200,False,cfu_seed_1000x,-365136104203205330
,True,cfu_seed_1x,8497311824613848689
,True,cfu_seed_10x,8497311824613848689
,True,cfu_seed_100x,8497311824613848689
32100,False,cfu_seed_1000x,8497311824613848689
,True,cfu_seed_1x,5858901514582792427
726,False,cfu_seed_10x,5858901514582792427
774,False,cfu_seed_100x,5858901514582792427
0,False,cfu_seed_1000x,5858901514582792427
3,False,cfu_seed_1x,7393161084527802377
5,False,cfu_seed_10x,7393161084527802377
0,False,cfu_seed_100x,7393161084527802377
0,False,cfu_seed_1000x,7393161084527802377
,False,cfu_seed_1x,7393161084527802377
,False,cfu_seed_10x,7393161084527802377
,False,cfu_seed_100x,7393161084527802377
,False,cfu_seed_1000x,7393161084527802377
,True,cfu_seed_1x,-3028848244513492835
,True,cfu_seed_10x,-3028848244513492835
,True,cfu_seed_100x,-3028848244513492835
,True,cfu_seed_1000x,-3028848244513492835
,True,cfu_seed_1x,-968646446540559332
,True,cfu_seed_10x,-968646446540559332
1550,False,cfu_seed_100x,-968646446540559332
2380,False,cfu_seed_1000x,-968646446540559332
76,False,cfu_seed_1x,-2052891604934273108
65,False,cfu_seed_10x,-2052891604934273108
0,False,cfu_seed_100x,-2052891604934273108
0,False,cfu_seed_1000x,-2052891604934273108
,True,cfu_seed_1x,6785071090407764116
1120,False,cfu_seed_10x,6785071090407764116
1900,False,cfu_seed_100x,6785071090407764116
1190,False,cfu_seed_1000x,6785071090407764116
10,False,cfu_seed_1x,-6116426965688597973
0,False,cfu_seed_10x,-6116426965688597973
0,False,cfu_seed_100x,-6116426965688597973
0,False,cfu_seed_1000x,-6116426965688597973
1,False,cfu_seed_1x,1487865525289561589
0,False,cfu_seed_10x,1487865525289561589
0,False,cfu_seed_100x,1487865525289561589
0,False,cfu_seed_1000x,1487865525289561589
,False,cfu_seed_1x,1487865525289561589
,False,cfu_seed_10x,1487865525289561589
,False,cfu_seed_100x,1487865525289561589
,False,cfu_seed_1000x,1487865525289561589
,True,cfu_seed_1x,751195555211790524
494,False,cfu_seed_10x,751195555211790524
179,False,cfu_seed_100x,751195555211790524
0,False,cfu_seed_1000x,751195555211790524
,True,cfu_seed_1x,766147157738433881
,True,cfu_seed_10x,766147157738433881
8330,False,cfu_seed_100x,766147157738433881
7140,False,cfu_seed_1000x,766147157738433881
,True,cfu_seed_1x,2146872055553879664
1170,False,cfu_seed_10x,2146872055553879664
893,False,cfu_seed_100x,2146872055553879664
2980,False,cfu_seed_1000x,2146872055553879664
7,False,cfu_seed_1x,-3767034181636175570
,True,cfu_seed_10x,-3767034181636175570
,True,cfu_seed_100x,-3767034181636175570
0,False,cfu_seed_1000x,-3767034181636175570
2,False,cfu_seed_1x,-6557032454035295182
,True,cfu_seed_10x,-6557032454035295182
0,False,cfu_seed_100x,-6557032454035295182
0,False,cfu_seed_1000x,-6557032454035295182
,True,cfu_seed_1x,8485298278802202198
220,False,cfu_seed_10x,8485298278802202198
119,False,cfu_seed_100x,8485298278802202198
0,False,cfu_seed_1000x,8485298278802202198
,True,cfu_seed_1x,-630367826010853998
470,False,cfu_seed_10x,-630367826010853998
655,False,cfu_seed_100x,-630367826010853998
0,False,cfu_seed_1000x,-630367826010853998
,True,cfu_seed_1x,-630367826010853998
988,False,cfu_seed_10x,-630367826010853998
893,False,cfu_seed_100x,-630367826010853998
1790,False,cfu_seed_1000x,-630367826010853998
2,False,cfu_seed_1x,-1905838967097749664
0,False,cfu_seed_10x,-1905838967097749664
0,False,cfu_seed_100x,-1905838967097749664
0,False,cfu_seed_1000x,-1905838967097749664
,True,cfu_seed_1x,7356353760642096190
,True,cfu_seed_10x,7356353760642096190
0,False,cfu_seed_100x,7356353760642096190
0,False,cfu_seed_1000x,7356353760642096190
,True,cfu_seed_1x,3542291436115868393
1320,False,cfu_seed_10x,3542291436115868393
1610,False,cfu_seed_100x,3542291436115868393
3570,False,cfu_seed_1000x,3542291436115868393
,True,cfu_seed_1x,-4006341346554865845
,True,cfu_seed_10x,-4006341346554865845
,True,cfu_seed_100x,-4006341346554865845
0,False,cfu_seed_1000x,-4006341346554865845
,True,cfu_seed_1x,1812604310966161306
5,False,cfu_seed_10x,1812604310966161306
0,False,cfu_seed_100x,1812604310966161306
0,False,cfu_seed_1000x,1812604310966161306
,True,cfu_seed_1x,1701484838267160271
0,False,cfu_seed_10x,1701484838267160271
0,False,cfu_seed_100x,1701484838267160271
0,False,cfu_seed_1000x,1701484838267160271
,True,cfu_seed_1x,-6759865656444239972
,True,cfu_seed_10x,-6759865656444239972
952,False,cfu_seed_100x,-6759865656444239972
0,False,cfu_seed_1000x,-6759865656444239972
,True,cfu_seed_1x,-7314748366697998191
17,False,cfu_seed_10x,-7314748366697998191
0,False,cfu_seed_100x,-7314748366697998191
0,False,cfu_seed_1000x,-7314748366697998191
,True,cfu_seed_1x,-5428812231594365505
0,False,cfu_seed_10x,-5428812231594365505
0,False,cfu_seed_100x,-5428812231594365505
0,False,cfu_seed_1000x,-5428812231594365505
,True,cfu_seed_1x,-1601449466872016137
702,False,cfu_seed_10x,-1601449466872016137
714,False,cfu_seed_100x,-1601449466872016137
1190,False,cfu_seed_1000x,-1601449466872016137
,True,cfu_seed_1x,1027194502146286022
,True,cfu_seed_10x,1027194502146286022
0,False,cfu_seed_100x,1027194502146286022
0,False,cfu_seed_1000x,1027194502146286022
,True,cfu_seed_1x,6767815282064725134
,True,cfu_seed_10x,6767815282064725134
8630,False,cfu_seed_100x,6767815282064725134
9520,False,cfu_seed_1000x,6767815282064725134
,True,cfu_seed_1x,-8814327882068401669
,True,cfu_seed_10x,-8814327882068401669
0,False,cfu_seed_100x,-8814327882068401669
0,False,cfu_seed_1000x,-8814327882068401669
,True,cfu_seed_1x,7662151535265633507
,True,cfu_seed_10x,7662151535265633507
,True,cfu_seed_100x,7662151535265633507
0,False,cfu_seed_1000x,7662151535265633507
35,False,cfu_seed_1x,6574951006128632346
29,False,cfu_seed_10x,6574951006128632346
119,False,cfu_seed_100x,6574951006128632346
0,False,cfu_seed_1000x,6574951006128632346
,True,cfu_seed_1x,-7832521049380602528
,True,cfu_seed_10x,-7832521049380602528
,True,cfu_seed_100x,-7832521049380602528
,True,cfu_seed_1000x,-7832521049380602528
,True,cfu_seed_1x,8195952276723182476
,True,cfu_seed_10x,8195952276723182476
1550,False,cfu_seed_100x,8195952276723182476
1790,False,cfu_seed_1000x,8195952276723182476
,True,cfu_seed_1x,-8965495483323982795
,True,cfu_seed_10x,-8965495483323982795
,True,cfu_seed_100x,-8965495483323982795
,True,cfu_seed_1000x,-8965495483323982795
,True,cfu_seed_1x,-2839683786767520157
,True,cfu_seed_10x,-2839683786767520157
1790,False,cfu_seed_100x,-2839683786767520157
1190,False,cfu_seed_1000x,-2839683786767520157
,True,cfu_seed_1x,-3936418135860390039
,True,cfu_seed_10x,-3936418135860390039
,True,cfu_seed_100x,-3936418135860390039
0,False,cfu_seed_1000x,-3936418135860390039
,True,cfu_seed_1x,-198004377107364452
,True,cfu_seed_10x,-198004377107364452
,True,cfu_seed_100x,-198004377107364452
,True,cfu_seed_1000x,-198004377107364452
7,False,cfu_seed_1x,5308519036761443691
5,False,cfu_seed_10x,5308519036761443691
0,False,cfu_seed_100x,5308519036761443691
0,False,cfu_seed_1000x,5308519036761443691
,True,cfu_seed_1x,502958847278943135
,True,cfu_seed_10x,502958847278943135
,True,cfu_seed_100x,502958847278943135
0,False,cfu_seed_1000x,502958847278943135
,True,cfu_seed_1x,-6266393102076058358
,True,cfu_seed_10x,-6266393102076058358
1490,False,cfu_seed_100x,-6266393102076058358
595,False,cfu_seed_1000x,-6266393102076058358
,True,cfu_seed_1x,-850351953832175576
,True,cfu_seed_10x,-850351953832175576
,True,cfu_seed_100x,-850351953832175576
0,False,cfu_seed_1000x,-850351953832175576
,True,cfu_seed_1x,-8936560645863969737
827,False,cfu_seed_10x,-8936560645863969737
1190,False,cfu_seed_100x,-8936560645863969737
595,False,cfu_seed_1000x,-8936560645863969737
,True,cfu_seed_1x,-8182137482564707218
5,False,cfu_seed_10x,-8182137482564707218
0,False,cfu_seed_100x,-8182137482564707218
0,False,cfu_seed_1000x,-8182137482564707218
,True,cfu_seed_1x,-7673807244042139353
851,False,cfu_seed_10x,-7673807244042139353
1370,False,cfu_seed_100x,-7673807244042139353
0,False,cfu_seed_1000x,-7673807244042139353
0,False,cfu_seed_1x,-1866180038674338880
23,False,cfu_seed_10x,-1866180038674338880
0,False,cfu_seed_100x,-1866180038674338880
0,False,cfu_seed_1000x,-1866180038674338880
,True,cfu_seed_1x,7427879435435377865
1040,False,cfu_seed_10x,7427879435435377865
1250,False,cfu_seed_100x,7427879435435377865
1790,False,cfu_seed_1000x,7427879435435377865
,True,cfu_seed_1x,5007900648904741943
690,False,cfu_seed_10x,5007900648904741943
417,False,cfu_seed_100x,5007900648904741943
595,False,cfu_seed_1000x,5007900648904741943
